data_set_identifier,efo_term,chromosome,position,reference_allele,alternative_allele,snp,strand,effect_allele_frequency,minor_allele_frequency,effect_estimate,standard_error,p,z,genotype_imputation_score,direction,number_of_participants,number_of_cases,number_of_controls,hetisq,hetdf,hetpval,hweq,original_effect_allele,original_other_allele,original_strand,original_direction,original_effect_allele_frequency,statistics_imputation_score
PMID_27863252_EFO_0007995_toy_example,EFO_0007995,22,16050213,C,T,NA,+,0.0025,0.0025,-0.07223922,0.05106764,0.1572,-1.414579174,NA,-,NA,NA,NA,NA,NA,NA,NA,T,C,+,-,0.0025,NA
PMID_27863252_EFO_0007995_toy_example,EFO_0007995,22,16050319,C,T,NA,+,4.00E-04,4.00E-04,-0.04531627,0.1190604,0.7035,-0.380615805,NA,-,NA,NA,NA,NA,NA,NA,NA,T,C,+,-,4.00E-04,NA
PMID_27863252_EFO_0007995_toy_example,EFO_0007995,22,16050527,C,NA,+,0.0018,0.0018,0.02024301,0.05002266,0.6857,0.4046768,NA,+,NA,NA,NA,NA,NA,NA,NA,A,C,+,+,0.0018,NA,
PMID_27863252_EFO_0007995_toy_example,EFO_0007995,22,16050678,C,T,NA,+,0.0018,0.0018,0.09376839,0.05919049,0.1132,1.584179992,NA,+,NA,NA,NA,NA,NA,NA,NA,T,C,+,+,0.0018,NA
PMID_27863252_EFO_0007995_toy_example,EFO_0007995,22,16050739,TA,T,NA,+,0.0026,0.0026,-0.06719564,0.05038757,0.1823,-1.333575721,NA,-,NA,NA,NA,NA,NA,NA,NA,T,TA,+,-,0.0026,NA
PMID_27863252_EFO_0007995_toy_example,EFO_0007995,22,16050847,T,C,NA,+,0.0041,0.0041,-0.006118861,0.04028809,0.8793,-0.151877664,NA,-,NA,NA,NA,NA,NA,NA,NA,C,T,+,-,0.0041,NA
PMID_27863252_EFO_0007995_toy_example,EFO_0007995,22,16050994,G,C,NA,+,6.00E-04,6.00E-04,0.177971,0.09537474,0.06204,1.866018193,NA,+,NA,NA,NA,NA,NA,NA,C,G,+,+,6.00E-04,NA,
PMID_27863252_EFO_0007995_toy_example,EFO_0007995,22,16051249,T,C,NA,+,0.1005,0.1005,-0.00304871,0.006087572,0.6165,-0.500808861,NA,-,NA,NA,NA,NA,NA,NA,NA,C,T,+,-,0.1005,NA
PMID_27863252_EFO_0007995_toy_example,EFO_0007995,22,16051493,G,A,NA,+,0.0016,0.0016,0.06614326,0.05713651,0.247,1.157635634,NA,+,NA,NA,NA,NA,NA,NA,NA,A,G,+,+,0.0016,NA
PMID_27863252_EFO_0007995_toy_example,EFO_0007995,22,16051722,TA,T,NA,+,0.004,0.004,0.001714631,0.03981014,0.9656,0.043070208,NA,+,NA,NA,NA,NA,NA,NA,NA,T,TA,+,+,0.004,NA
PMID_27863252_EFO_0007995_toy_example,EFO_0007995,22,16052097,G,A,NA,+,0.0044,0.0044,-0.01480201,0.03717488,0.6905,-0.398172368,NA,-,NA,NA,NA,NA,NA,NA,NA,A,G,+,-,0.0044,NA
PMID_27863252_EFO_0007995_toy_example,EFO_0007995,22,16052379,C,T,NA,+,3.00E-04,3.00E-04,0.04144104,0.1214648,0.733,0.341177362,NA,+,NA,NA,NA,NA,NA,NA,NA,T,C,+,+,3.00E-04,NA
PMID_27863252_EFO_0007995_toy_example,EFO_0007995,22,16052962,C,T,NA,+,0.0905,0.0905,-0.006125113,0.006679206,0.3591,-0.917042086,NA,-,NA,NA,NA,NA,NA,NA,NA,T,C,+,-,0.0905,NA
PMID_27863252_EFO_0007995_toy_example,EFO_0007995,22,16052973,C,T,NA,+,9.00E-04,9.00E-04,0.005174949,0.07707459,0.9465,0.067142089,NA,+,NA,NA,NA,NA,NA,NA,NA,T,C,+,+,9.00E-04,NA
PMID_27863252_EFO_0007995_toy_example,EFO_0007995,22,16053050,G,A,NA,+,0.0044,0.0044,-0.009337442,0.03717408,0.8017,-0.251181522,NA,-,NA,NA,NA,NA,NA,NA,NA,A,G,+,-,0.0044,NA
PMID_27863252_EFO_0007995_toy_example,EFO_0007995,22,16053139,G,A,NA,+,0.0038,0.0038,0.05145529,0.0422341,0.2231,1.218335184,NA,+,NA,NA,NA,NA,NA,NA,NA,A,G,+,+,0.0038,NA
PMID_27863252_EFO_0007995_toy_example,EFO_0007995,22,16053238,G,A,NA,+,0.0076,0.0076,-0.04361369,0.02768439,0.1152,-1.575389236,NA,-,NA,NA,NA,NA,NA,NA,NA,A,G,+,-,0.0076,NA
PMID_27863252_EFO_0007995_toy_example,EFO_0007995,22,16053862,C,T,NA,+,0.1038,0.1038,-0.004359397,0.005973752,0.4655,-0.729758617,NA,-,NA,NA,NA,NA,NA,NA,NA,T,C,+,-,0.1038,NA
PMID_27863252_EFO_0007995_toy_example,EFO_0007995,22,16053979,G,A,NA,+,0.0016,0.0016,0.005692433,0.06447187,0.9296,0.088293282,NA,+,NA,NA,NA,NA,NA,NA,NA,A,G,+,+,0.0016,NA
PMID_27863252_EFO_0007995_toy_example,EFO_0007995,22,16054237,G,A,NA,+,0.0011,0.0011,-0.1496145,0.07454477,0.04475,-2.007042211,NA,-,NA,NA,NA,NA,NA,NA,NA,A,G,+,-,0.0011,NA
PMID_27863252_EFO_0007995_toy_example,EFO_0007995,22,16054311,T,C,NA,+,0.016,0.016,0.02770303,0.01966718,0.159,1.408591877,NA,+,NA,NA,NA,NA,NA,NA,NA,C,T,+,+,0.016,NA
PMID_27863252_EFO_0007995_toy_example,EFO_0007995,22,16054454,C,T,NA,+,0.1059,0.1059,-0.002752511,0.005968432,0.6447,-0.461178246,NA,-,NA,NA,NA,NA,NA,NA,NA,T,C,+,-,0.1059,NA
PMID_27863252_EFO_0007995_toy_example,EFO_0007995,22,16054713,C,T,NA,+,0.018,0.018,-0.01043027,0.0188444,0.5799,-0.553494407,NA,-,NA,NA,NA,NA,NA,NA,NA,T,C,+,-,0.018,NA
PMID_27863252_EFO_0007995_toy_example,EFO_0007995,22,16054721,C,T,NA,+,8.00E-04,8.00E-04,-0.1757502,0.08494108,0.03854,-2.069083652,NA,-,NA,NA,NA,NA,NA,NA,NA,T,C,+,-,8.00E-04,NA
PMID_27863252_EFO_0007995_toy_example,EFO_0007995,22,16054740,A,G,NA,+,0.4654,0.4654,0.009372196,0.005041568,0.06303,1.858984348,NA,+,NA,NA,NA,NA,NA,NA,NA,G,A,+,+,0.4654,NA
PMID_27863252_EFO_0007995_toy_example,EFO_0007995,22,16054751,T,C,NA,+,7.00E-04,7.00E-04,0.1229168,0.0999904,0.219,1.229286011,NA,+,NA,NA,NA,NA,NA,NA,NA,C,T,+,+,7.00E-04,NA
PMID_27863252_EFO_0007995_toy_example,EFO_0007995,22,16054785,G,A,NA,+,0.0032,0.0032,0.01311889,0.04401169,0.7656,0.298077397,NA,+,NA,NA,NA,NA,NA,NA,NA,A,G,+,+,0.0032,NA
PMID_27863252_EFO_0007995_toy_example,EFO_0007995,22,16054882,C,T,NA,+,0.001,0.001,-0.05977184,0.07478717,0.4242,-0.799225857,NA,-,NA,NA,NA,NA,NA,NA,NA,T,C,+,-,0.001,NA
PMID_27863252_EFO_0007995_toy_example,EFO_0007995,22,16054888,A,G,NA,+,0.0023,0.1029391,0.04825526,0.03291,2.133220296,NA,+,NA,NA,NA,NA,NA,NA,NA,G,A,+,+,0.0023,NA,